,name,email,subject,message
0,x,yangsy1187@naver.com,x,xxxxxx
,name,email,subject,message
0,ddd,ddd@gmail.com,d,ddddas
,name,email,subject,message
0,d,ddd@gmail.com,d,ddddd
,name,email,subject,message
0,Jessica,didtndus1187@gmail.com,d,dddddcsada
,name,email,subject,message
0,m,mms@gmail.com,"m,",",,,,"
,name,email,subject,message
0,ddd,yangsy1187@naver.com,dasda,dddddd
,name,email,subject,message
0,ddd,yangsy1187@naver.com,dasda,dddddd
,name,email,subject,message
0,ddd,yangsy1187@naver.com,dasda,dddddd
,name,email,subject,message
0,das,ddd@gmail.com,dd,dasda
,name,email,subject,message
0,das,ddd@gmail.com,dd,dasda
,name,email,subject,message
0,x,yangsy1187@naver.com,xx,sdadasd
